tag,seed,best_epoch,test_acc,test_f1
A. Dropout=0.1（无LS）,42,11,0.6298649722001588,0.489038484427902
A. Dropout=0.1（无LS）,114514,30,0.6441620333598094,0.5071234607282793
A. Dropout=0.1（无LS）,1919810,19,0.630659253375695,0.474118206501457
B. Dropout=0.1+LabelSmoothing0.1,42,17,0.6521048451151708,0.48269751947503725
B. Dropout=0.1+LabelSmoothing0.1,114514,13,0.613979348689436,0.42560337974065127
B. Dropout=0.1+LabelSmoothing0.1,1919810,8,0.6171564733915806,0.43574758211558284
