tag,seed,best_epoch,test_acc,test_f1
全部改进(增强+WCE+Dropout+EarlyStop),42,13,0.6298649722001588,0.46981849933445397
全部改进(增强+WCE+Dropout+EarlyStop),114514,22,0.5996822875297856,0.49397542389529026
全部改进(增强+WCE+Dropout+EarlyStop),1919810,19,0.5957108816521048,0.4708887938893748
